{
  "smile": {
    "neutral_intensity": 93.54872136920507,
    "smile_threshold": 10.588302924819843
  },
  "head": {
    "neutral_y": 304.4731182795699
  }
}